{
    "entityNumberCounter": 9,
    "entities": [
        {
            "hierarchyOrder": 0.0,
            "name": "labyrint",
            "uniqueNumber": 7,
            "parent": -1,
            "exposed": true,
            "collapsedChildren": false,
            "components": [
                {
                    "name": "transform",
                    "specifics": "{\"pos\":{\"x\":16.0,\"y\":6.75,\"z\":15.25},\"rot\":{\"x\":0.0,\"y\":0.0,\"z\":0.0,\"w\":1.0},\"scale\":{\"x\":0.0,\"y\":0.0,\"z\":0.0}}"
                },
                {
                    "name": "GLTFShape",
                    "specifics": "{\"assetID\":\"c8cc27d2-a6d8-4874-85d7-57c0b53afa8c\"}"
                }
            ]
        },
        {
            "hierarchyOrder": 1.0,
            "name": "Cube Entity",
            "uniqueNumber": 8,
            "parent": -1,
            "exposed": false,
            "collapsedChildren": false,
            "components": [
                {
                    "name": "transform",
                    "specifics": "{\"pos\":{\"x\":-4.370999813079834,\"y\":17.827999114990236,\"z\":-4.370999813079834},\"rot\":{\"x\":0.0,\"y\":0.0,\"z\":0.0,\"w\":1.0},\"scale\":{\"x\":-0.25,\"y\":0.25,\"z\":0.75}}"
                },
                {
                    "name": "boxShape",
                    "specifics": ""
                }
            ]
        }
    ]
}
