{
    "entityNumberCounter": 7,
    "entities": [
        {
            "hierarchyOrder": 2.0,
            "name": "pve small droid attack",
            "uniqueNumber": 3,
            "parent": -1,
            "exposed": false,
            "collapsedChildren": false,
            "components": [
                {
                    "name": "transform",
                    "specifics": "{\"pos\":{\"x\":5.25,\"y\":1.0,\"z\":7.0},\"rot\":{\"x\":0.0,\"y\":0.0,\"z\":0.0,\"w\":1.0},\"scale\":{\"x\":1.0,\"y\":1.0,\"z\":1.0}}"
                },
                {
                    "name": "GLTFShape",
                    "specifics": "{\"assetID\":\"096f0206-a0fa-448a-b26b-1bd5cc0c77aa\"}"
                }
            ]
        },
        {
            "hierarchyOrder": 1.0,
            "name": "pve small droid.gltf attack",
            "uniqueNumber": 4,
            "parent": -1,
            "exposed": false,
            "collapsedChildren": false,
            "components": [
                {
                    "name": "transform",
                    "specifics": "{\"pos\":{\"x\":7.5,\"y\":1.25,\"z\":5.0},\"rot\":{\"x\":0.0,\"y\":0.0,\"z\":0.0,\"w\":1.0},\"scale\":{\"x\":1.0,\"y\":1.0,\"z\":1.0}}"
                },
                {
                    "name": "GLTFShape",
                    "specifics": "{\"assetID\":\"34147647-794a-4c7c-9016-bca268a6d8b4\"}"
                }
            ]
        },
        {
            "hierarchyOrder": 0.0,
            "name": "pve attack droid.2",
            "uniqueNumber": 6,
            "parent": -1,
            "exposed": false,
            "collapsedChildren": false,
            "components": [
                {
                    "name": "transform",
                    "specifics": "{\"pos\":{\"x\":7.25,\"y\":2.75,\"z\":5.5},\"rot\":{\"x\":0.0,\"y\":0.0,\"z\":0.0,\"w\":1.0},\"scale\":{\"x\":1.0,\"y\":1.0,\"z\":1.0}}"
                },
                {
                    "name": "GLTFShape",
                    "specifics": "{\"assetID\":\"51f8284e-0e53-4716-8d5c-f77c12634c66\"}"
                }
            ]
        }
    ]
}
