{
    "entityNumberCounter": 7,
    "entities": [
        {
            "hierarchyOrder": 0.0,
            "name": "pve attack droid.2",
            "uniqueNumber": 6,
            "parent": -1,
            "exposed": false,
            "collapsedChildren": false,
            "components": [
                {
                    "name": "transform",
                    "specifics": "{\"pos\":{\"x\":7.25,\"y\":2.5,\"z\":5.5},\"rot\":{\"x\":0.0,\"y\":0.7071068286895752,\"z\":0.0,\"w\":0.7071068286895752},\"scale\":{\"x\":0.5,\"y\":0.5,\"z\":0.5}}"
                },
                {
                    "name": "GLTFShape",
                    "specifics": "{\"assetID\":\"51f8284e-0e53-4716-8d5c-f77c12634c66\"}"
                }
            ]
        }
    ]
}
