{
    "gltfAssets": [
        {
            "name": "base Light",
            "id": "4af3ddd9-282a-4873-858b-cf596444e2bc",
            "gltfPath": "models/baseLight.glb"
        },
        {
            "name": "crate",
            "id": "023b3eb6-90b1-4815-8377-fc527f876818",
            "gltfPath": "models/crate.glb"
        },
        {
            "name": "pve attack droid.2",
            "id": "51f8284e-0e53-4716-8d5c-f77c12634c66",
            "gltfPath": "models/pve_attack_droid.2.glb"
        },
        {
            "name": "pve small droid attack",
            "id": "096f0206-a0fa-448a-b26b-1bd5cc0c77aa",
            "gltfPath": "models/pve_small_droid.glb_attack.glb"
        },
        {
            "name": "pve small droid.gltf attack",
            "id": "34147647-794a-4c7c-9016-bca268a6d8b4",
            "gltfPath": "models/pve_small_droid.gltf_attack.glb"
        },
        {
            "name": "sword",
            "id": "8190fc72-969a-4254-9c73-47971833d028",
            "gltfPath": "models/sword.glb"
        },
        {
            "name": "sword1",
            "id": "4f2591f0-8b66-4efb-9b45-a4b979dd7511",
            "gltfPath": "models/sword.glb1.glb"
        },
        {
            "name": "yellow power stone",
            "id": "aecba2b2-aaab-4932-b46c-d901989f8334",
            "gltfPath": "models/yellow_power_stone.glb"
        },
        {
            "name": "attack dead",
            "id": "d7bfb6f4-e381-4e7f-9474-111cfbd81763",
            "gltfPath": "models/attack_dead.glb"
        },
        {
            "name": "attack dead2",
            "id": "6a3c3715-73cc-4ab1-826a-4b4b92c49320",
            "gltfPath": "models/attack_dead.glb2.glb"
        },
        {
            "name": "attack dead.gltf2",
            "id": "325d1990-9ea9-478c-89d6-bc4c6fc6fa53",
            "gltfPath": "models/attack_dead.gltf2.glb"
        },
        {
            "name": "fireball",
            "id": "7550f853-089c-44f5-883b-9e1d9560c153",
            "gltfPath": "models/fireball.glb"
        },
        {
            "name": "fire staff",
            "id": "3e78ecf9-5545-4a65-b161-6c190cb45eb0",
            "gltfPath": "models/fire_staff.glb"
        },
        {
            "name": "gamejam 6",
            "id": "566dff86-495a-495b-88b6-95b782f3dda8",
            "gltfPath": "models/gamejam_6.glb"
        },
        {
            "name": "doid mob",
            "id": "fa9d7b13-4a6f-44ec-bc7f-9a51f54db396",
            "gltfPath": "models/doid_mob.glb"
        },
        {
            "name": "droid black",
            "id": "575bc583-544a-455d-b898-8bb80c3773d8",
            "gltfPath": "models/droid_black.glb"
        },
        {
            "name": "droid green",
            "id": "7df04574-34c9-4511-b2d7-010272d8166c",
            "gltfPath": "models/droid_green.glb"
        },
        {
            "name": "gamejam 7",
            "id": "f0f9c22c-18b0-40ef-a0c3-09c07d224b27",
            "gltfPath": "models/gamejam_7.glb"
        },
        {
            "name": "game jam",
            "id": "c8cc27d2-a6d8-4874-85d7-57c0b53afa8c",
            "gltfPath": "models/game_jam.glb"
        },
        {
            "name": "target",
            "id": "b373ae82-4e35-4e93-8fe4-4d5ac20aacd4",
            "gltfPath": "models/target.glb"
        },
        {
            "name": "3ple fire",
            "id": "0e37fd0a-9738-431b-8d07-700e23730d90",
            "gltfPath": "models/3ple_fire.glb"
        },
        {
            "name": "dark droid",
            "id": "71338d3e-8c88-4e13-834f-d7ab233b8993",
            "gltfPath": "models/dark_droid.glb"
        },
        {
            "name": "green droid",
            "id": "f1026b3c-4133-4881-b692-fc3f8f55515e",
            "gltfPath": "models/green_droid.glb"
        },
        {
            "name": "hammer stun",
            "id": "1a0ca416-73c2-40a1-a6ac-1bcf2a882478",
            "gltfPath": "models/hammer_stun.glb"
        },
        {
            "name": "mannah bread",
            "id": "108d11a8-496d-403e-8ac7-1c7becd6dda3",
            "gltfPath": "models/mannah_bread.glb"
        },
        {
            "name": "METEOR",
            "id": "04bd046c-50bb-4d2b-83be-50ae011c83ae",
            "gltfPath": "models/METEOR.glb"
        },
        {
            "name": "stun effect",
            "id": "147df669-2953-4cda-bef1-f48d73d30af5",
            "gltfPath": "models/stun_effect.glb"
        },
        {
            "name": "base Light",
            "id": "de0cdeb9-556b-48a3-a9ae-b9fcfb7a21ef",
            "gltfPath": "models/b/baseLight.glb"
        },
        {
            "name": "crate",
            "id": "cd41bbeb-a3b4-4d0d-ab70-2a5c7c50b00f",
            "gltfPath": "models/b/crate.glb"
        },
        {
            "name": "doid mob",
            "id": "1d16819b-4eaf-4689-b729-bb736ae8e44c",
            "gltfPath": "models/b/doid_mob.glb"
        },
        {
            "name": "droid black",
            "id": "6eb8ad1f-6b69-40a2-8fbe-eea40203c63e",
            "gltfPath": "models/b/droid_black.glb"
        },
        {
            "name": "droid green",
            "id": "44703bbf-8e28-4c33-85d0-2a37c986a05f",
            "gltfPath": "models/b/droid_green.glb"
        }
    ]
}
