{
    "gltfAssets": [
        {
            "name": "base Light",
            "id": "4af3ddd9-282a-4873-858b-cf596444e2bc",
            "gltfPath": "models/baseLight.glb"
        },
        {
            "name": "crate",
            "id": "023b3eb6-90b1-4815-8377-fc527f876818",
            "gltfPath": "models/crate.glb"
        },
        {
            "name": "pve attack droid.2",
            "id": "51f8284e-0e53-4716-8d5c-f77c12634c66",
            "gltfPath": "models/pve_attack_droid.2.glb"
        },
        {
            "name": "pve small droid attack",
            "id": "096f0206-a0fa-448a-b26b-1bd5cc0c77aa",
            "gltfPath": "models/pve_small_droid.glb_attack.glb"
        },
        {
            "name": "pve small droid.gltf attack",
            "id": "34147647-794a-4c7c-9016-bca268a6d8b4",
            "gltfPath": "models/pve_small_droid.gltf_attack.glb"
        },
        {
            "name": "sword",
            "id": "8190fc72-969a-4254-9c73-47971833d028",
            "gltfPath": "models/sword.glb"
        },
        {
            "name": "sword1",
            "id": "4f2591f0-8b66-4efb-9b45-a4b979dd7511",
            "gltfPath": "models/sword.glb1.glb"
        },
        {
            "name": "yellow power stone",
            "id": "aecba2b2-aaab-4932-b46c-d901989f8334",
            "gltfPath": "models/yellow_power_stone.glb"
        },
        {
            "name": "attack dead",
            "id": "d7bfb6f4-e381-4e7f-9474-111cfbd81763",
            "gltfPath": "models/attack_dead.glb"
        },
        {
            "name": "attack dead2",
            "id": "6a3c3715-73cc-4ab1-826a-4b4b92c49320",
            "gltfPath": "models/attack_dead.glb2.glb"
        },
        {
            "name": "attack dead.gltf2",
            "id": "325d1990-9ea9-478c-89d6-bc4c6fc6fa53",
            "gltfPath": "models/attack_dead.gltf2.glb"
        },
        {
            "name": "fireball",
            "id": "7550f853-089c-44f5-883b-9e1d9560c153",
            "gltfPath": "models/fireball.glb"
        },
        {
            "name": "fire staff",
            "id": "3e78ecf9-5545-4a65-b161-6c190cb45eb0",
            "gltfPath": "models/fire_staff.glb"
        },
        {
            "name": "gamejam 6",
            "id": "566dff86-495a-495b-88b6-95b782f3dda8",
            "gltfPath": "models/gamejam_6.glb"
        },
        {
            "name": "doid mob",
            "id": "fa9d7b13-4a6f-44ec-bc7f-9a51f54db396",
            "gltfPath": "models/doid_mob.glb"
        },
        {
            "name": "droid black",
            "id": "575bc583-544a-455d-b898-8bb80c3773d8",
            "gltfPath": "models/droid_black.glb"
        },
        {
            "name": "droid green",
            "id": "7df04574-34c9-4511-b2d7-010272d8166c",
            "gltfPath": "models/droid_green.glb"
        },
        {
            "name": "gamejam 7",
            "id": "f0f9c22c-18b0-40ef-a0c3-09c07d224b27",
            "gltfPath": "models/gamejam_7.glb"
        },
        {
            "name": "game jam",
            "id": "c8cc27d2-a6d8-4874-85d7-57c0b53afa8c",
            "gltfPath": "models/game_jam.glb"
        },
        {
            "name": "target",
            "id": "b373ae82-4e35-4e93-8fe4-4d5ac20aacd4",
            "gltfPath": "models/target.glb"
        }
    ]
}
