{
    "entityNumberCounter": 8,
    "entities": [
        {
            "hierarchyOrder": 0.0,
            "name": "pve attack droid.2",
            "uniqueNumber": 6,
            "parent": -1,
            "exposed": true,
            "collapsedChildren": false,
            "components": [
                {
                    "name": "transform",
                    "specifics": "{\"pos\":{\"x\":3.25,\"y\":1.0,\"z\":5.5},\"rot\":{\"x\":0.0,\"y\":0.7071068286895752,\"z\":0.0,\"w\":0.7071068286895752},\"scale\":{\"x\":0.20000000298023225,\"y\":0.20000000298023225,\"z\":0.20000000298023225}}"
                },
                {
                    "name": "GLTFShape",
                    "specifics": "{\"assetID\":\"51f8284e-0e53-4716-8d5c-f77c12634c66\"}"
                }
            ]
        },
        {
            "hierarchyOrder": 1.0,
            "name": "labyrint",
            "uniqueNumber": 7,
            "parent": -1,
            "exposed": true,
            "collapsedChildren": false,
            "components": [
                {
                    "name": "transform",
                    "specifics": "{\"pos\":{\"x\":16.5,\"y\":7.25,\"z\":15.25},\"rot\":{\"x\":0.0,\"y\":0.0,\"z\":0.0,\"w\":1.0},\"scale\":{\"x\":0.8999999761581421,\"y\":0.8999999761581421,\"z\":0.8999999761581421}}"
                },
                {
                    "name": "GLTFShape",
                    "specifics": "{\"assetID\":\"c8cc27d2-a6d8-4874-85d7-57c0b53afa8c\"}"
                }
            ]
        }
    ]
}
