{
    "entityNumberCounter": 9,
    "entities": [
        {
            "hierarchyOrder": 0.0,
            "name": "labyrint",
            "uniqueNumber": 7,
            "parent": -1,
            "exposed": true,
            "collapsedChildren": false,
            "components": [
                {
                    "name": "transform",
                    "specifics": "{\"pos\":{\"x\":17.0,\"y\":6.75,\"z\":15.25},\"rot\":{\"x\":0.0,\"y\":0.0,\"z\":0.0,\"w\":1.0},\"scale\":{\"x\":0.9200000166893005,\"y\":1.0,\"z\":0.8600000143051148}}"
                },
                {
                    "name": "GLTFShape",
                    "specifics": "{\"assetID\":\"c8cc27d2-a6d8-4874-85d7-57c0b53afa8c\"}"
                }
            ]
        },
        {
            "hierarchyOrder": 1.0,
            "name": "Cube Entity",
            "uniqueNumber": 8,
            "parent": -1,
            "exposed": true,
            "collapsedChildren": false,
            "components": [
                {
                    "name": "transform",
                    "specifics": "{\"pos\":{\"x\":-4.370999813079834,\"y\":17.827999114990236,\"z\":-4.370999813079834},\"rot\":{\"x\":0.0,\"y\":0.0,\"z\":0.0,\"w\":1.0},\"scale\":{\"x\":0.05000000074505806,\"y\":0.05000000074505806,\"z\":0.3499999940395355}}"
                },
                {
                    "name": "boxShape",
                    "specifics": ""
                },
                {
                    "name": "material",
                    "specifics": "{\"albedoColor\":{\"r\":0.0,\"g\":1.0,\"b\":0.03786659240722656,\"a\":1.0},\"emissiveColor\":{\"r\":0.0,\"g\":0.0,\"b\":0.0,\"a\":1.0}}"
                }
            ]
        }
    ]
}
